<?xml version="1.0" encoding="UTF-8" ?>
<!-- This is a WordPress eXtended RSS file generated by WordPress as an export of your site. -->
<!-- It contains information about your site's posts, pages, comments, categories, and other content. -->
<!-- You may use this file to transfer that content from one site to another. -->
<!-- This file is not intended to serve as a complete backup of your site. -->

<!-- To import this information into a WordPress site follow these steps: -->
<!-- 1. Log in to that site as an administrator. -->
<!-- 2. Go to Tools: Import in the WordPress admin panel. -->
<!-- 3. Install the "WordPress" importer from the list. -->
<!-- 4. Activate & Run Importer. -->
<!-- 5. Upload this file using the form provided on that page. -->
<!-- 6. You will first be asked to map the authors in this export file to users -->
<!--    on the site. For each author, you may choose to map to an -->
<!--    existing user on the site or to create a new user. -->
<!-- 7. WordPress will then import each of the posts, pages, comments, categories, etc. -->
<!--    contained in this file into your site. -->

<!-- generator="WordPress/3.8.4" created="2015-01-22 06:05" -->
<rss version="2.0"
	xmlns:excerpt="http://wordpress.org/export/1.2/excerpt/"
	xmlns:content="http://purl.org/rss/1.0/modules/content/"
	xmlns:wfw="http://wellformedweb.org/CommentAPI/"
	xmlns:dc="http://purl.org/dc/elements/1.1/"
	xmlns:wp="http://wordpress.org/export/1.2/"
>

<channel>
	<title>Novometodo</title>
	<link>http://focalizador.com.br/novometodo</link>
	<description>Sistema pomodoros</description>
	<pubDate>Thu, 22 Jan 2015 06:05:51 +0000</pubDate>
	<language>pt-BR</language>
	<wp:wxr_version>1.2</wp:wxr_version>
	<wp:base_site_url>http://focalizador.com.br/</wp:base_site_url>
	<wp:base_blog_url>http://focalizador.com.br/novometodo</wp:base_blog_url>

	<wp:author><wp:author_id>1</wp:author_id><wp:author_login>francisco</wp:author_login><wp:author_email>fmatelli@gmail.com</wp:author_email><wp:author_display_name><![CDATA[francisco]]></wp:author_display_name><wp:author_first_name><![CDATA[]]></wp:author_first_name><wp:author_last_name><![CDATA[]]></wp:author_last_name></wp:author>


	<generator>http://wordpress.org/?v=3.8.4</generator>

	<item>
				<title>Sample Page</title>
		<link>http://focalizador.com.br/novometodo/sample-page/</link>
		<pubDate>Thu, 22 Jan 2015 05:39:47 +0000</pubDate>
		<dc:creator><![CDATA[francisco]]></dc:creator>
		<guid isPermaLink="false">http://focalizador.com.br/novometodo/?page_id=2</guid>
		<description></description>
		<content:encoded><![CDATA[]]></content:encoded>
		<excerpt:encoded><![CDATA[]]></excerpt:encoded>
		<wp:post_id>2</wp:post_id>
		<wp:post_date>2015-01-22 05:39:47</wp:post_date>
		<wp:post_date_gmt>2015-01-22 05:39:47</wp:post_date_gmt>
		<wp:comment_status>open</wp:comment_status>
		<wp:ping_status>open</wp:ping_status>
		<wp:post_name>sample-page</wp:post_name>
		<wp:status>publish</wp:status>
		<wp:post_parent>0</wp:post_parent>
		<wp:menu_order>0</wp:menu_order>
		<wp:post_type>page</wp:post_type>
		<wp:post_password></wp:post_password>
		<wp:is_sticky>0</wp:is_sticky>
		<wp:postmeta>
			<wp:meta_key>_wp_page_template</wp:meta_key>
			<wp:meta_value><![CDATA[default]]></wp:meta_value>
		</wp:postmeta>
	</item>
	<item>
				<title>Activity</title>
		<link>http://focalizador.com.br/novometodo/activity/</link>
		<pubDate>Thu, 22 Jan 2015 05:39:59 +0000</pubDate>
		<dc:creator><![CDATA[francisco]]></dc:creator>
		<guid isPermaLink="false">http://focalizador.com.br/novometodo/activity/</guid>
		<description></description>
		<content:encoded><![CDATA[]]></content:encoded>
		<excerpt:encoded><![CDATA[]]></excerpt:encoded>
		<wp:post_id>3</wp:post_id>
		<wp:post_date>2015-01-22 05:39:59</wp:post_date>
		<wp:post_date_gmt>2015-01-22 05:39:59</wp:post_date_gmt>
		<wp:comment_status>closed</wp:comment_status>
		<wp:ping_status>closed</wp:ping_status>
		<wp:post_name>activity</wp:post_name>
		<wp:status>publish</wp:status>
		<wp:post_parent>0</wp:post_parent>
		<wp:menu_order>0</wp:menu_order>
		<wp:post_type>page</wp:post_type>
		<wp:post_password></wp:post_password>
		<wp:is_sticky>0</wp:is_sticky>
	</item>
	<item>
				<title>Colegas</title>
		<link>http://focalizador.com.br/novometodo/colegas/</link>
		<pubDate>Thu, 22 Jan 2015 05:39:59 +0000</pubDate>
		<dc:creator><![CDATA[francisco]]></dc:creator>
		<guid isPermaLink="false">http://focalizador.com.br/novometodo/members/</guid>
		<description></description>
		<content:encoded><![CDATA[]]></content:encoded>
		<excerpt:encoded><![CDATA[]]></excerpt:encoded>
		<wp:post_id>4</wp:post_id>
		<wp:post_date>2015-01-22 05:39:59</wp:post_date>
		<wp:post_date_gmt>2015-01-22 05:39:59</wp:post_date_gmt>
		<wp:comment_status>closed</wp:comment_status>
		<wp:ping_status>closed</wp:ping_status>
		<wp:post_name>colegas</wp:post_name>
		<wp:status>publish</wp:status>
		<wp:post_parent>0</wp:post_parent>
		<wp:menu_order>0</wp:menu_order>
		<wp:post_type>page</wp:post_type>
		<wp:post_password></wp:post_password>
		<wp:is_sticky>0</wp:is_sticky>
		<wp:postmeta>
			<wp:meta_key>_edit_last</wp:meta_key>
			<wp:meta_value><![CDATA[1]]></wp:meta_value>
		</wp:postmeta>
	</item>
	<item>
				<title>Focar</title>
		<link>http://focalizador.com.br/novometodo/focar/</link>
		<pubDate>Thu, 22 Jan 2015 06:02:48 +0000</pubDate>
		<dc:creator><![CDATA[francisco]]></dc:creator>
		<guid isPermaLink="false">http://focalizador.com.br/novometodo/?page_id=8</guid>
		<description></description>
		<content:encoded><![CDATA[]]></content:encoded>
		<excerpt:encoded><![CDATA[]]></excerpt:encoded>
		<wp:post_id>8</wp:post_id>
		<wp:post_date>2015-01-22 06:02:48</wp:post_date>
		<wp:post_date_gmt>2015-01-22 06:02:48</wp:post_date_gmt>
		<wp:comment_status>open</wp:comment_status>
		<wp:ping_status>open</wp:ping_status>
		<wp:post_name>focar</wp:post_name>
		<wp:status>publish</wp:status>
		<wp:post_parent>0</wp:post_parent>
		<wp:menu_order>0</wp:menu_order>
		<wp:post_type>page</wp:post_type>
		<wp:post_password></wp:post_password>
		<wp:is_sticky>0</wp:is_sticky>
		<wp:postmeta>
			<wp:meta_key>_edit_last</wp:meta_key>
			<wp:meta_value><![CDATA[1]]></wp:meta_value>
		</wp:postmeta>
		<wp:postmeta>
			<wp:meta_key>_wp_page_template</wp:meta_key>
			<wp:meta_value><![CDATA[t-focar.php]]></wp:meta_value>
		</wp:postmeta>
	</item>
	<item>
				<title>Ranking</title>
		<link>http://focalizador.com.br/novometodo/ranking/</link>
		<pubDate>Thu, 22 Jan 2015 06:04:18 +0000</pubDate>
		<dc:creator><![CDATA[francisco]]></dc:creator>
		<guid isPermaLink="false">http://focalizador.com.br/novometodo/?page_id=11</guid>
		<description></description>
		<content:encoded><![CDATA[]]></content:encoded>
		<excerpt:encoded><![CDATA[]]></excerpt:encoded>
		<wp:post_id>11</wp:post_id>
		<wp:post_date>2015-01-22 06:04:18</wp:post_date>
		<wp:post_date_gmt>2015-01-22 06:04:18</wp:post_date_gmt>
		<wp:comment_status>open</wp:comment_status>
		<wp:ping_status>open</wp:ping_status>
		<wp:post_name>ranking</wp:post_name>
		<wp:status>publish</wp:status>
		<wp:post_parent>0</wp:post_parent>
		<wp:menu_order>0</wp:menu_order>
		<wp:post_type>page</wp:post_type>
		<wp:post_password></wp:post_password>
		<wp:is_sticky>0</wp:is_sticky>
		<wp:postmeta>
			<wp:meta_key>_edit_last</wp:meta_key>
			<wp:meta_value><![CDATA[1]]></wp:meta_value>
		</wp:postmeta>
		<wp:postmeta>
			<wp:meta_key>_wp_page_template</wp:meta_key>
			<wp:meta_value><![CDATA[t-ranking.php]]></wp:meta_value>
		</wp:postmeta>
	</item>
	<item>
				<title>Calendario</title>
		<link>http://focalizador.com.br/novometodo/calendario/</link>
		<pubDate>Thu, 22 Jan 2015 06:04:31 +0000</pubDate>
		<dc:creator><![CDATA[francisco]]></dc:creator>
		<guid isPermaLink="false">http://focalizador.com.br/novometodo/?page_id=13</guid>
		<description></description>
		<content:encoded><![CDATA[]]></content:encoded>
		<excerpt:encoded><![CDATA[]]></excerpt:encoded>
		<wp:post_id>13</wp:post_id>
		<wp:post_date>2015-01-22 06:04:31</wp:post_date>
		<wp:post_date_gmt>2015-01-22 06:04:31</wp:post_date_gmt>
		<wp:comment_status>open</wp:comment_status>
		<wp:ping_status>open</wp:ping_status>
		<wp:post_name>calendario</wp:post_name>
		<wp:status>publish</wp:status>
		<wp:post_parent>0</wp:post_parent>
		<wp:menu_order>0</wp:menu_order>
		<wp:post_type>page</wp:post_type>
		<wp:post_password></wp:post_password>
		<wp:is_sticky>0</wp:is_sticky>
		<wp:postmeta>
			<wp:meta_key>_edit_last</wp:meta_key>
			<wp:meta_value><![CDATA[1]]></wp:meta_value>
		</wp:postmeta>
		<wp:postmeta>
			<wp:meta_key>_wp_page_template</wp:meta_key>
			<wp:meta_value><![CDATA[t-calendario.php]]></wp:meta_value>
		</wp:postmeta>
	</item>
</channel>
</rss>
